doc_id,title,department,year,region,text
D001,"Document Title D001 (marketing)",marketing,2024,north_america,"This is the body text of document D001 in department marketing for region north_america and year 2024."
D002,"Document Title D002 (legal)",legal,2025,asia_pacific,"This is the body text of document D002 in department legal for region asia_pacific and year 2025."
D003,"Document Title D003 (engineering)",engineering,2020,asia_pacific,"This is the body text of document D003 in department engineering for region asia_pacific and year 2020."
D004,"Document Title D004 (marketing)",marketing,2022,latin_america,"This is the body text of document D004 in department marketing for region latin_america and year 2022."
D005,"Document Title D005 (legal)",legal,2022,asia_pacific,"This is the body text of document D005 in department legal for region asia_pacific and year 2022."
D006,"Document Title D006 (marketing)",marketing,2021,north_america,"This is the body text of document D006 in department marketing for region north_america and year 2021."
D007,"Document Title D007 (legal)",legal,2022,asia_pacific,"This is the body text of document D007 in department legal for region asia_pacific and year 2022."
D008,"Document Title D008 (engineering)",engineering,2020,latin_america,"This is the body text of document D008 in department engineering for region latin_america and year 2020."
D009,"Document Title D009 (hr)",hr,2024,north_america,"This is the body text of document D009 in department hr for region north_america and year 2024."
D010,"Document Title D010 (marketing)",marketing,2023,latin_america,"This is the body text of document D010 in department marketing for region latin_america and year 2023."
D011,"Document Title D011 (marketing)",marketing,2024,asia_pacific,"This is the body text of document D011 in department marketing for region asia_pacific and year 2024."
D012,"Document Title D012 (legal)",legal,2026,europe,"This is the body text of document D012 in department legal for region europe and year 2026."
D013,"Document Title D013 (hr)",hr,2021,asia_pacific,"This is the body text of document D013 in department hr for region asia_pacific and year 2021."
D014,"Document Title D014 (marketing)",marketing,2020,north_america,"This is the body text of document D014 in department marketing for region north_america and year 2020."
D015,"Document Title D015 (sales)",sales,2024,north_america,"This is the body text of document D015 in department sales for region north_america and year 2024."
D016,"Document Title D016 (marketing)",marketing,2020,north_america,"This is the body text of document D016 in department marketing for region north_america and year 2020."
D017,"Document Title D017 (finance)",finance,2022,europe,"This is the body text of document D017 in department finance for region europe and year 2022."
D018,"Document Title D018 (finance)",finance,2020,asia_pacific,"This is the body text of document D018 in department finance for region asia_pacific and year 2020."
D019,"Document Title D019 (sales)",sales,2026,europe,"This is the body text of document D019 in department sales for region europe and year 2026."
D020,"Document Title D020 (hr)",hr,2024,north_america,"This is the body text of document D020 in department hr for region north_america and year 2024."
D021,"Document Title D021 (sales)",sales,2024,north_america,"This is the body text of document D021 in department sales for region north_america and year 2024."
D022,"Document Title D022 (sales)",sales,2021,asia_pacific,"This is the body text of document D022 in department sales for region asia_pacific and year 2021."
D023,"Document Title D023 (marketing)",marketing,2025,north_america,"This is the body text of document D023 in department marketing for region north_america and year 2025."
D024,"Document Title D024 (engineering)",engineering,2026,north_america,"This is the body text of document D024 in department engineering for region north_america and year 2026."
D025,"Document Title D025 (finance)",finance,2020,asia_pacific,"This is the body text of document D025 in department finance for region asia_pacific and year 2020."
D026,"Document Title D026 (hr)",hr,2023,north_america,"This is the body text of document D026 in department hr for region north_america and year 2023."
D027,"Document Title D027 (sales)",sales,2025,asia_pacific,"This is the body text of document D027 in department sales for region asia_pacific and year 2025."
D028,"Document Title D028 (finance)",finance,2024,europe,"This is the body text of document D028 in department finance for region europe and year 2024."
D029,"Document Title D029 (finance)",finance,2025,europe,"This is the body text of document D029 in department finance for region europe and year 2025."
D030,"Document Title D030 (hr)",hr,2024,europe,"This is the body text of document D030 in department hr for region europe and year 2024."
D031,"Document Title D031 (legal)",legal,2026,north_america,"This is the body text of document D031 in department legal for region north_america and year 2026."
D032,"Document Title D032 (legal)",legal,2025,asia_pacific,"This is the body text of document D032 in department legal for region asia_pacific and year 2025."
D033,"Document Title D033 (sales)",sales,2025,latin_america,"This is the body text of document D033 in department sales for region latin_america and year 2025."
D034,"Document Title D034 (marketing)",marketing,2022,north_america,"This is the body text of document D034 in department marketing for region north_america and year 2022."
D035,"Document Title D035 (engineering)",engineering,2025,asia_pacific,"This is the body text of document D035 in department engineering for region asia_pacific and year 2025."
D036,"Document Title D036 (marketing)",marketing,2024,north_america,"This is the body text of document D036 in department marketing for region north_america and year 2024."
D037,"Document Title D037 (sales)",sales,2023,europe,"This is the body text of document D037 in department sales for region europe and year 2023."
D038,"Document Title D038 (marketing)",marketing,2022,europe,"This is the body text of document D038 in department marketing for region europe and year 2022."
D039,"Document Title D039 (engineering)",engineering,2026,latin_america,"This is the body text of document D039 in department engineering for region latin_america and year 2026."
D040,"Document Title D040 (marketing)",marketing,2020,north_america,"This is the body text of document D040 in department marketing for region north_america and year 2020."
D041,"Document Title D041 (marketing)",marketing,2020,asia_pacific,"This is the body text of document D041 in department marketing for region asia_pacific and year 2020."
D042,"Document Title D042 (marketing)",marketing,2020,europe,"This is the body text of document D042 in department marketing for region europe and year 2020."
D043,"Document Title D043 (marketing)",marketing,2025,europe,"This is the body text of document D043 in department marketing for region europe and year 2025."
D044,"Document Title D044 (marketing)",marketing,2020,europe,"This is the body text of document D044 in department marketing for region europe and year 2020."
D045,"Document Title D045 (sales)",sales,2022,latin_america,"This is the body text of document D045 in department sales for region latin_america and year 2022."
D046,"Document Title D046 (finance)",finance,2023,europe,"This is the body text of document D046 in department finance for region europe and year 2023."
D047,"Document Title D047 (sales)",sales,2025,north_america,"This is the body text of document D047 in department sales for region north_america and year 2025."
D048,"Document Title D048 (hr)",hr,2022,latin_america,"This is the body text of document D048 in department hr for region latin_america and year 2022."
D049,"Document Title D049 (hr)",hr,2020,latin_america,"This is the body text of document D049 in department hr for region latin_america and year 2020."
D050,"Document Title D050 (legal)",legal,2020,asia_pacific,"This is the body text of document D050 in department legal for region asia_pacific and year 2020."
D051,"Document Title D051 (marketing)",marketing,2021,asia_pacific,"This is the body text of document D051 in department marketing for region asia_pacific and year 2021."
D052,"Document Title D052 (finance)",finance,2023,latin_america,"This is the body text of document D052 in department finance for region latin_america and year 2023."
D053,"Document Title D053 (legal)",legal,2020,europe,"This is the body text of document D053 in department legal for region europe and year 2020."
D054,"Document Title D054 (finance)",finance,2025,europe,"This is the body text of document D054 in department finance for region europe and year 2025."
D055,"Document Title D055 (engineering)",engineering,2026,north_america,"This is the body text of document D055 in department engineering for region north_america and year 2026."
D056,"Document Title D056 (hr)",hr,2024,latin_america,"This is the body text of document D056 in department hr for region latin_america and year 2024."
D057,"Document Title D057 (hr)",hr,2022,north_america,"This is the body text of document D057 in department hr for region north_america and year 2022."
D058,"Document Title D058 (marketing)",marketing,2020,asia_pacific,"This is the body text of document D058 in department marketing for region asia_pacific and year 2020."
D059,"Document Title D059 (engineering)",engineering,2021,asia_pacific,"This is the body text of document D059 in department engineering for region asia_pacific and year 2021."
D060,"Document Title D060 (legal)",legal,2024,latin_america,"This is the body text of document D060 in department legal for region latin_america and year 2024."
D061,"Document Title D061 (sales)",sales,2022,north_america,"This is the body text of document D061 in department sales for region north_america and year 2022."
D062,"Document Title D062 (marketing)",marketing,2021,europe,"This is the body text of document D062 in department marketing for region europe and year 2021."
D063,"Document Title D063 (sales)",sales,2020,europe,"This is the body text of document D063 in department sales for region europe and year 2020."
D064,"Document Title D064 (finance)",finance,2023,europe,"This is the body text of document D064 in department finance for region europe and year 2023."
D065,"Document Title D065 (marketing)",marketing,2023,asia_pacific,"This is the body text of document D065 in department marketing for region asia_pacific and year 2023."
D066,"Document Title D066 (engineering)",engineering,2023,north_america,"This is the body text of document D066 in department engineering for region north_america and year 2023."
D067,"Document Title D067 (sales)",sales,2022,latin_america,"This is the body text of document D067 in department sales for region latin_america and year 2022."
D068,"Document Title D068 (legal)",legal,2024,europe,"This is the body text of document D068 in department legal for region europe and year 2024."
D069,"Document Title D069 (marketing)",marketing,2025,asia_pacific,"This is the body text of document D069 in department marketing for region asia_pacific and year 2025."
D070,"Document Title D070 (finance)",finance,2020,asia_pacific,"This is the body text of document D070 in department finance for region asia_pacific and year 2020."
D071,"Document Title D071 (finance)",finance,2025,latin_america,"This is the body text of document D071 in department finance for region latin_america and year 2025."
D072,"Document Title D072 (sales)",sales,2022,asia_pacific,"This is the body text of document D072 in department sales for region asia_pacific and year 2022."
D073,"Document Title D073 (sales)",sales,2024,asia_pacific,"This is the body text of document D073 in department sales for region asia_pacific and year 2024."
D074,"Document Title D074 (legal)",legal,2023,north_america,"This is the body text of document D074 in department legal for region north_america and year 2023."
D075,"Document Title D075 (hr)",hr,2020,asia_pacific,"This is the body text of document D075 in department hr for region asia_pacific and year 2020."
D076,"Document Title D076 (marketing)",marketing,2020,europe,"This is the body text of document D076 in department marketing for region europe and year 2020."
D077,"Document Title D077 (marketing)",marketing,2022,asia_pacific,"This is the body text of document D077 in department marketing for region asia_pacific and year 2022."
D078,"Document Title D078 (legal)",legal,2024,asia_pacific,"This is the body text of document D078 in department legal for region asia_pacific and year 2024."
D079,"Document Title D079 (engineering)",engineering,2022,latin_america,"This is the body text of document D079 in department engineering for region latin_america and year 2022."
D080,"Document Title D080 (engineering)",engineering,2022,europe,"This is the body text of document D080 in department engineering for region europe and year 2022."
D081,"Document Title D081 (engineering)",engineering,2025,europe,"This is the body text of document D081 in department engineering for region europe and year 2025."
D082,"Document Title D082 (marketing)",marketing,2024,europe,"This is the body text of document D082 in department marketing for region europe and year 2024."
D083,"Document Title D083 (finance)",finance,2021,north_america,"This is the body text of document D083 in department finance for region north_america and year 2021."
D084,"Document Title D084 (finance)",finance,2025,europe,"This is the body text of document D084 in department finance for region europe and year 2025."
D085,"Document Title D085 (marketing)",marketing,2020,asia_pacific,"This is the body text of document D085 in department marketing for region asia_pacific and year 2020."
D086,"Document Title D086 (hr)",hr,2020,europe,"This is the body text of document D086 in department hr for region europe and year 2020."
D087,"Document Title D087 (marketing)",marketing,2023,latin_america,"This is the body text of document D087 in department marketing for region latin_america and year 2023."
D088,"Document Title D088 (hr)",hr,2023,asia_pacific,"This is the body text of document D088 in department hr for region asia_pacific and year 2023."
D089,"Document Title D089 (legal)",legal,2021,latin_america,"This is the body text of document D089 in department legal for region latin_america and year 2021."
D090,"Document Title D090 (engineering)",engineering,2026,latin_america,"This is the body text of document D090 in department engineering for region latin_america and year 2026."
D091,"Document Title D091 (hr)",hr,2021,latin_america,"This is the body text of document D091 in department hr for region latin_america and year 2021."
D092,"Document Title D092 (finance)",finance,2023,latin_america,"This is the body text of document D092 in department finance for region latin_america and year 2023."
D093,"Document Title D093 (legal)",legal,2025,europe,"This is the body text of document D093 in department legal for region europe and year 2025."
D094,"Document Title D094 (finance)",finance,2026,latin_america,"This is the body text of document D094 in department finance for region latin_america and year 2026."
D095,"Document Title D095 (legal)",legal,2025,asia_pacific,"This is the body text of document D095 in department legal for region asia_pacific and year 2025."
D096,"Document Title D096 (engineering)",engineering,2023,asia_pacific,"This is the body text of document D096 in department engineering for region asia_pacific and year 2023."
D097,"Document Title D097 (marketing)",marketing,2026,north_america,"This is the body text of document D097 in department marketing for region north_america and year 2026."
D098,"Document Title D098 (legal)",legal,2021,europe,"This is the body text of document D098 in department legal for region europe and year 2021."
D099,"Document Title D099 (marketing)",marketing,2020,asia_pacific,"This is the body text of document D099 in department marketing for region asia_pacific and year 2020."
D100,"Document Title D100 (engineering)",engineering,2022,north_america,"This is the body text of document D100 in department engineering for region north_america and year 2022."
D101,"Document Title D101 (marketing)",marketing,2026,latin_america,"This is the body text of document D101 in department marketing for region latin_america and year 2026."
D102,"Document Title D102 (engineering)",engineering,2021,europe,"This is the body text of document D102 in department engineering for region europe and year 2021."
D103,"Document Title D103 (engineering)",engineering,2024,europe,"This is the body text of document D103 in department engineering for region europe and year 2024."
D104,"Document Title D104 (legal)",legal,2020,north_america,"This is the body text of document D104 in department legal for region north_america and year 2020."
D105,"Document Title D105 (finance)",finance,2025,latin_america,"This is the body text of document D105 in department finance for region latin_america and year 2025."
D106,"Document Title D106 (finance)",finance,2026,latin_america,"This is the body text of document D106 in department finance for region latin_america and year 2026."
D107,"Document Title D107 (marketing)",marketing,2024,latin_america,"This is the body text of document D107 in department marketing for region latin_america and year 2024."
D108,"Document Title D108 (marketing)",marketing,2020,asia_pacific,"This is the body text of document D108 in department marketing for region asia_pacific and year 2020."
D109,"Document Title D109 (engineering)",engineering,2022,north_america,"This is the body text of document D109 in department engineering for region north_america and year 2022."
D110,"Document Title D110 (engineering)",engineering,2025,north_america,"This is the body text of document D110 in department engineering for region north_america and year 2025."
D111,"Document Title D111 (legal)",legal,2020,latin_america,"This is the body text of document D111 in department legal for region latin_america and year 2020."
D112,"Document Title D112 (legal)",legal,2022,europe,"This is the body text of document D112 in department legal for region europe and year 2022."
D113,"Document Title D113 (hr)",hr,2021,latin_america,"This is the body text of document D113 in department hr for region latin_america and year 2021."
D114,"Document Title D114 (finance)",finance,2020,latin_america,"This is the body text of document D114 in department finance for region latin_america and year 2020."
D115,"Document Title D115 (sales)",sales,2020,latin_america,"This is the body text of document D115 in department sales for region latin_america and year 2020."
D116,"Document Title D116 (marketing)",marketing,2023,north_america,"This is the body text of document D116 in department marketing for region north_america and year 2023."
D117,"Document Title D117 (marketing)",marketing,2021,north_america,"This is the body text of document D117 in department marketing for region north_america and year 2021."
D118,"Document Title D118 (sales)",sales,2026,asia_pacific,"This is the body text of document D118 in department sales for region asia_pacific and year 2026."
D119,"Document Title D119 (engineering)",engineering,2021,asia_pacific,"This is the body text of document D119 in department engineering for region asia_pacific and year 2021."
D120,"Document Title D120 (sales)",sales,2024,latin_america,"This is the body text of document D120 in department sales for region latin_america and year 2024."
D121,"Document Title D121 (legal)",legal,2026,asia_pacific,"This is the body text of document D121 in department legal for region asia_pacific and year 2026."
D122,"Document Title D122 (finance)",finance,2021,asia_pacific,"This is the body text of document D122 in department finance for region asia_pacific and year 2021."
D123,"Document Title D123 (engineering)",engineering,2021,latin_america,"This is the body text of document D123 in department engineering for region latin_america and year 2021."
D124,"Document Title D124 (finance)",finance,2022,europe,"This is the body text of document D124 in department finance for region europe and year 2022."
D125,"Document Title D125 (marketing)",marketing,2024,europe,"This is the body text of document D125 in department marketing for region europe and year 2024."
D126,"Document Title D126 (engineering)",engineering,2025,europe,"This is the body text of document D126 in department engineering for region europe and year 2025."
D127,"Document Title D127 (finance)",finance,2024,europe,"This is the body text of document D127 in department finance for region europe and year 2024."
D128,"Document Title D128 (engineering)",engineering,2022,north_america,"This is the body text of document D128 in department engineering for region north_america and year 2022."
D129,"Document Title D129 (marketing)",marketing,2024,europe,"This is the body text of document D129 in department marketing for region europe and year 2024."
D130,"Document Title D130 (engineering)",engineering,2023,europe,"This is the body text of document D130 in department engineering for region europe and year 2023."
D131,"Document Title D131 (legal)",legal,2024,asia_pacific,"This is the body text of document D131 in department legal for region asia_pacific and year 2024."
D132,"Document Title D132 (sales)",sales,2021,north_america,"This is the body text of document D132 in department sales for region north_america and year 2021."
D133,"Document Title D133 (hr)",hr,2024,latin_america,"This is the body text of document D133 in department hr for region latin_america and year 2024."
D134,"Document Title D134 (finance)",finance,2023,asia_pacific,"This is the body text of document D134 in department finance for region asia_pacific and year 2023."
D135,"Document Title D135 (engineering)",engineering,2023,north_america,"This is the body text of document D135 in department engineering for region north_america and year 2023."
D136,"Document Title D136 (engineering)",engineering,2022,asia_pacific,"This is the body text of document D136 in department engineering for region asia_pacific and year 2022."
D137,"Document Title D137 (engineering)",engineering,2021,europe,"This is the body text of document D137 in department engineering for region europe and year 2021."
D138,"Document Title D138 (engineering)",engineering,2020,asia_pacific,"This is the body text of document D138 in department engineering for region asia_pacific and year 2020."
D139,"Document Title D139 (hr)",hr,2021,europe,"This is the body text of document D139 in department hr for region europe and year 2021."
D140,"Document Title D140 (marketing)",marketing,2023,asia_pacific,"This is the body text of document D140 in department marketing for region asia_pacific and year 2023."
D141,"Document Title D141 (finance)",finance,2022,asia_pacific,"This is the body text of document D141 in department finance for region asia_pacific and year 2022."
D142,"Document Title D142 (legal)",legal,2022,latin_america,"This is the body text of document D142 in department legal for region latin_america and year 2022."
D143,"Document Title D143 (hr)",hr,2026,latin_america,"This is the body text of document D143 in department hr for region latin_america and year 2026."
D144,"Document Title D144 (sales)",sales,2024,north_america,"This is the body text of document D144 in department sales for region north_america and year 2024."
D145,"Document Title D145 (sales)",sales,2021,asia_pacific,"This is the body text of document D145 in department sales for region asia_pacific and year 2021."
D146,"Document Title D146 (sales)",sales,2023,europe,"This is the body text of document D146 in department sales for region europe and year 2023."
D147,"Document Title D147 (engineering)",engineering,2024,north_america,"This is the body text of document D147 in department engineering for region north_america and year 2024."
D148,"Document Title D148 (legal)",legal,2026,north_america,"This is the body text of document D148 in department legal for region north_america and year 2026."
D149,"Document Title D149 (marketing)",marketing,2022,latin_america,"This is the body text of document D149 in department marketing for region latin_america and year 2022."
D150,"Document Title D150 (finance)",finance,2026,asia_pacific,"This is the body text of document D150 in department finance for region asia_pacific and year 2026."
D151,"Document Title D151 (finance)",finance,2026,europe,"This is the body text of document D151 in department finance for region europe and year 2026."
D152,"Document Title D152 (engineering)",engineering,2022,europe,"This is the body text of document D152 in department engineering for region europe and year 2022."
D153,"Document Title D153 (engineering)",engineering,2024,latin_america,"This is the body text of document D153 in department engineering for region latin_america and year 2024."
D154,"Document Title D154 (sales)",sales,2020,north_america,"This is the body text of document D154 in department sales for region north_america and year 2020."
D155,"Document Title D155 (marketing)",marketing,2023,north_america,"This is the body text of document D155 in department marketing for region north_america and year 2023."
D156,"Document Title D156 (finance)",finance,2020,asia_pacific,"This is the body text of document D156 in department finance for region asia_pacific and year 2020."
D157,"Document Title D157 (legal)",legal,2020,asia_pacific,"This is the body text of document D157 in department legal for region asia_pacific and year 2020."
D158,"Document Title D158 (marketing)",marketing,2023,latin_america,"This is the body text of document D158 in department marketing for region latin_america and year 2023."
D159,"Document Title D159 (sales)",sales,2021,asia_pacific,"This is the body text of document D159 in department sales for region asia_pacific and year 2021."
D160,"Document Title D160 (sales)",sales,2023,europe,"This is the body text of document D160 in department sales for region europe and year 2023."
D161,"Document Title D161 (sales)",sales,2021,asia_pacific,"This is the body text of document D161 in department sales for region asia_pacific and year 2021."
D162,"Document Title D162 (hr)",hr,2026,north_america,"This is the body text of document D162 in department hr for region north_america and year 2026."
D163,"Document Title D163 (legal)",legal,2026,europe,"This is the body text of document D163 in department legal for region europe and year 2026."
D164,"Document Title D164 (engineering)",engineering,2025,europe,"This is the body text of document D164 in department engineering for region europe and year 2025."
D165,"Document Title D165 (legal)",legal,2025,asia_pacific,"This is the body text of document D165 in department legal for region asia_pacific and year 2025."
D166,"Document Title D166 (marketing)",marketing,2023,asia_pacific,"This is the body text of document D166 in department marketing for region asia_pacific and year 2023."
D167,"Document Title D167 (hr)",hr,2021,asia_pacific,"This is the body text of document D167 in department hr for region asia_pacific and year 2021."
D168,"Document Title D168 (marketing)",marketing,2021,europe,"This is the body text of document D168 in department marketing for region europe and year 2021."
D169,"Document Title D169 (sales)",sales,2023,europe,"This is the body text of document D169 in department sales for region europe and year 2023."
D170,"Document Title D170 (marketing)",marketing,2024,north_america,"This is the body text of document D170 in department marketing for region north_america and year 2024."
D171,"Document Title D171 (engineering)",engineering,2022,asia_pacific,"This is the body text of document D171 in department engineering for region asia_pacific and year 2022."
D172,"Document Title D172 (sales)",sales,2022,europe,"This is the body text of document D172 in department sales for region europe and year 2022."
D173,"Document Title D173 (marketing)",marketing,2026,asia_pacific,"This is the body text of document D173 in department marketing for region asia_pacific and year 2026."
D174,"Document Title D174 (marketing)",marketing,2020,asia_pacific,"This is the body text of document D174 in department marketing for region asia_pacific and year 2020."
D175,"Document Title D175 (engineering)",engineering,2022,asia_pacific,"This is the body text of document D175 in department engineering for region asia_pacific and year 2022."
D176,"Document Title D176 (hr)",hr,2022,north_america,"This is the body text of document D176 in department hr for region north_america and year 2022."
D177,"Document Title D177 (sales)",sales,2020,asia_pacific,"This is the body text of document D177 in department sales for region asia_pacific and year 2020."
D178,"Document Title D178 (hr)",hr,2025,latin_america,"This is the body text of document D178 in department hr for region latin_america and year 2025."
D179,"Document Title D179 (engineering)",engineering,2026,europe,"This is the body text of document D179 in department engineering for region europe and year 2026."
D180,"Document Title D180 (engineering)",engineering,2022,latin_america,"This is the body text of document D180 in department engineering for region latin_america and year 2022."
D181,"Document Title D181 (finance)",finance,2023,asia_pacific,"This is the body text of document D181 in department finance for region asia_pacific and year 2023."
D182,"Document Title D182 (sales)",sales,2024,latin_america,"This is the body text of document D182 in department sales for region latin_america and year 2024."
D183,"Document Title D183 (marketing)",marketing,2026,latin_america,"This is the body text of document D183 in department marketing for region latin_america and year 2026."
D184,"Document Title D184 (legal)",legal,2021,europe,"This is the body text of document D184 in department legal for region europe and year 2021."
D185,"Document Title D185 (hr)",hr,2023,europe,"This is the body text of document D185 in department hr for region europe and year 2023."
D186,"Document Title D186 (legal)",legal,2020,europe,"This is the body text of document D186 in department legal for region europe and year 2020."
D187,"Document Title D187 (legal)",legal,2021,latin_america,"This is the body text of document D187 in department legal for region latin_america and year 2021."
D188,"Document Title D188 (finance)",finance,2020,north_america,"This is the body text of document D188 in department finance for region north_america and year 2020."
D189,"Document Title D189 (legal)",legal,2020,latin_america,"This is the body text of document D189 in department legal for region latin_america and year 2020."
D190,"Document Title D190 (legal)",legal,2022,latin_america,"This is the body text of document D190 in department legal for region latin_america and year 2022."
D191,"Document Title D191 (legal)",legal,2020,europe,"This is the body text of document D191 in department legal for region europe and year 2020."
D192,"Document Title D192 (engineering)",engineering,2025,latin_america,"This is the body text of document D192 in department engineering for region latin_america and year 2025."
D193,"Document Title D193 (legal)",legal,2021,asia_pacific,"This is the body text of document D193 in department legal for region asia_pacific and year 2021."
D194,"Document Title D194 (hr)",hr,2025,asia_pacific,"This is the body text of document D194 in department hr for region asia_pacific and year 2025."
D195,"Document Title D195 (engineering)",engineering,2024,latin_america,"This is the body text of document D195 in department engineering for region latin_america and year 2024."
D196,"Document Title D196 (finance)",finance,2020,latin_america,"This is the body text of document D196 in department finance for region latin_america and year 2020."
D197,"Document Title D197 (engineering)",engineering,2021,north_america,"This is the body text of document D197 in department engineering for region north_america and year 2021."
D198,"Document Title D198 (finance)",finance,2023,latin_america,"This is the body text of document D198 in department finance for region latin_america and year 2023."
D199,"Document Title D199 (engineering)",engineering,2026,asia_pacific,"This is the body text of document D199 in department engineering for region asia_pacific and year 2026."
D200,"Document Title D200 (hr)",hr,2022,europe,"This is the body text of document D200 in department hr for region europe and year 2022."
D201,"Document Title D201 (legal)",legal,2025,europe,"This is the body text of document D201 in department legal for region europe and year 2025."
D202,"Document Title D202 (finance)",finance,2026,asia_pacific,"This is the body text of document D202 in department finance for region asia_pacific and year 2026."
D203,"Document Title D203 (marketing)",marketing,2023,latin_america,"This is the body text of document D203 in department marketing for region latin_america and year 2023."
D204,"Document Title D204 (legal)",legal,2021,north_america,"This is the body text of document D204 in department legal for region north_america and year 2021."
D205,"Document Title D205 (marketing)",marketing,2022,asia_pacific,"This is the body text of document D205 in department marketing for region asia_pacific and year 2022."
D206,"Document Title D206 (hr)",hr,2020,asia_pacific,"This is the body text of document D206 in department hr for region asia_pacific and year 2020."
D207,"Document Title D207 (sales)",sales,2020,europe,"This is the body text of document D207 in department sales for region europe and year 2020."
D208,"Document Title D208 (finance)",finance,2023,asia_pacific,"This is the body text of document D208 in department finance for region asia_pacific and year 2023."
D209,"Document Title D209 (engineering)",engineering,2025,asia_pacific,"This is the body text of document D209 in department engineering for region asia_pacific and year 2025."
D210,"Document Title D210 (sales)",sales,2022,asia_pacific,"This is the body text of document D210 in department sales for region asia_pacific and year 2022."
D211,"Document Title D211 (legal)",legal,2023,asia_pacific,"This is the body text of document D211 in department legal for region asia_pacific and year 2023."
D212,"Document Title D212 (marketing)",marketing,2026,latin_america,"This is the body text of document D212 in department marketing for region latin_america and year 2026."
D213,"Document Title D213 (engineering)",engineering,2022,north_america,"This is the body text of document D213 in department engineering for region north_america and year 2022."
D214,"Document Title D214 (hr)",hr,2025,europe,"This is the body text of document D214 in department hr for region europe and year 2025."
D215,"Document Title D215 (legal)",legal,2026,north_america,"This is the body text of document D215 in department legal for region north_america and year 2026."
D216,"Document Title D216 (hr)",hr,2020,asia_pacific,"This is the body text of document D216 in department hr for region asia_pacific and year 2020."
D217,"Document Title D217 (marketing)",marketing,2025,north_america,"This is the body text of document D217 in department marketing for region north_america and year 2025."
D218,"Document Title D218 (marketing)",marketing,2021,north_america,"This is the body text of document D218 in department marketing for region north_america and year 2021."
D219,"Document Title D219 (marketing)",marketing,2021,latin_america,"This is the body text of document D219 in department marketing for region latin_america and year 2021."
D220,"Document Title D220 (sales)",sales,2024,europe,"This is the body text of document D220 in department sales for region europe and year 2024."
D221,"Document Title D221 (legal)",legal,2020,europe,"This is the body text of document D221 in department legal for region europe and year 2020."
D222,"Document Title D222 (finance)",finance,2022,europe,"This is the body text of document D222 in department finance for region europe and year 2022."
D223,"Document Title D223 (finance)",finance,2024,latin_america,"This is the body text of document D223 in department finance for region latin_america and year 2024."
D224,"Document Title D224 (legal)",legal,2023,asia_pacific,"This is the body text of document D224 in department legal for region asia_pacific and year 2023."
D225,"Document Title D225 (marketing)",marketing,2020,asia_pacific,"This is the body text of document D225 in department marketing for region asia_pacific and year 2020."
D226,"Document Title D226 (hr)",hr,2025,north_america,"This is the body text of document D226 in department hr for region north_america and year 2025."
D227,"Document Title D227 (finance)",finance,2023,latin_america,"This is the body text of document D227 in department finance for region latin_america and year 2023."
D228,"Document Title D228 (hr)",hr,2020,europe,"This is the body text of document D228 in department hr for region europe and year 2020."
D229,"Document Title D229 (sales)",sales,2024,europe,"This is the body text of document D229 in department sales for region europe and year 2024."
D230,"Document Title D230 (marketing)",marketing,2022,asia_pacific,"This is the body text of document D230 in department marketing for region asia_pacific and year 2022."
D231,"Document Title D231 (sales)",sales,2021,north_america,"This is the body text of document D231 in department sales for region north_america and year 2021."
D232,"Document Title D232 (hr)",hr,2021,north_america,"This is the body text of document D232 in department hr for region north_america and year 2021."
D233,"Document Title D233 (hr)",hr,2020,europe,"This is the body text of document D233 in department hr for region europe and year 2020."
D234,"Document Title D234 (marketing)",marketing,2023,asia_pacific,"This is the body text of document D234 in department marketing for region asia_pacific and year 2023."
D235,"Document Title D235 (hr)",hr,2023,latin_america,"This is the body text of document D235 in department hr for region latin_america and year 2023."
D236,"Document Title D236 (legal)",legal,2025,europe,"This is the body text of document D236 in department legal for region europe and year 2025."
D237,"Document Title D237 (marketing)",marketing,2025,latin_america,"This is the body text of document D237 in department marketing for region latin_america and year 2025."
D238,"Document Title D238 (legal)",legal,2025,asia_pacific,"This is the body text of document D238 in department legal for region asia_pacific and year 2025."
D239,"Document Title D239 (legal)",legal,2024,latin_america,"This is the body text of document D239 in department legal for region latin_america and year 2024."
D240,"Document Title D240 (engineering)",engineering,2022,europe,"This is the body text of document D240 in department engineering for region europe and year 2022."
D241,"Document Title D241 (finance)",finance,2020,latin_america,"This is the body text of document D241 in department finance for region latin_america and year 2020."
D242,"Document Title D242 (hr)",hr,2023,asia_pacific,"This is the body text of document D242 in department hr for region asia_pacific and year 2023."
D243,"Document Title D243 (marketing)",marketing,2025,north_america,"This is the body text of document D243 in department marketing for region north_america and year 2025."
D244,"Document Title D244 (engineering)",engineering,2023,asia_pacific,"This is the body text of document D244 in department engineering for region asia_pacific and year 2023."
D245,"Document Title D245 (legal)",legal,2022,asia_pacific,"This is the body text of document D245 in department legal for region asia_pacific and year 2022."
D246,"Document Title D246 (hr)",hr,2026,asia_pacific,"This is the body text of document D246 in department hr for region asia_pacific and year 2026."
D247,"Document Title D247 (engineering)",engineering,2024,latin_america,"This is the body text of document D247 in department engineering for region latin_america and year 2024."
D248,"Document Title D248 (finance)",finance,2026,latin_america,"This is the body text of document D248 in department finance for region latin_america and year 2026."
D249,"Document Title D249 (finance)",finance,2024,north_america,"This is the body text of document D249 in department finance for region north_america and year 2024."
D250,"Document Title D250 (sales)",sales,2024,north_america,"This is the body text of document D250 in department sales for region north_america and year 2024."
D251,"Document Title D251 (engineering)",engineering,2024,asia_pacific,"This is the body text of document D251 in department engineering for region asia_pacific and year 2024."
D252,"Document Title D252 (engineering)",engineering,2020,europe,"This is the body text of document D252 in department engineering for region europe and year 2020."
D253,"Document Title D253 (sales)",sales,2020,asia_pacific,"This is the body text of document D253 in department sales for region asia_pacific and year 2020."
D254,"Document Title D254 (finance)",finance,2026,north_america,"This is the body text of document D254 in department finance for region north_america and year 2026."
D255,"Document Title D255 (sales)",sales,2022,north_america,"This is the body text of document D255 in department sales for region north_america and year 2022."
D256,"Document Title D256 (legal)",legal,2024,north_america,"This is the body text of document D256 in department legal for region north_america and year 2024."
D257,"Document Title D257 (marketing)",marketing,2020,asia_pacific,"This is the body text of document D257 in department marketing for region asia_pacific and year 2020."
D258,"Document Title D258 (finance)",finance,2026,north_america,"This is the body text of document D258 in department finance for region north_america and year 2026."
D259,"Document Title D259 (finance)",finance,2024,latin_america,"This is the body text of document D259 in department finance for region latin_america and year 2024."
D260,"Document Title D260 (legal)",legal,2020,latin_america,"This is the body text of document D260 in department legal for region latin_america and year 2020."
D261,"Document Title D261 (finance)",finance,2020,europe,"This is the body text of document D261 in department finance for region europe and year 2020."
D262,"Document Title D262 (legal)",legal,2023,north_america,"This is the body text of document D262 in department legal for region north_america and year 2023."
D263,"Document Title D263 (legal)",legal,2022,north_america,"This is the body text of document D263 in department legal for region north_america and year 2022."
D264,"Document Title D264 (hr)",hr,2021,asia_pacific,"This is the body text of document D264 in department hr for region asia_pacific and year 2021."
D265,"Document Title D265 (finance)",finance,2020,north_america,"This is the body text of document D265 in department finance for region north_america and year 2020."
D266,"Document Title D266 (marketing)",marketing,2020,latin_america,"This is the body text of document D266 in department marketing for region latin_america and year 2020."
D267,"Document Title D267 (sales)",sales,2023,asia_pacific,"This is the body text of document D267 in department sales for region asia_pacific and year 2023."
D268,"Document Title D268 (marketing)",marketing,2025,asia_pacific,"This is the body text of document D268 in department marketing for region asia_pacific and year 2025."
D269,"Document Title D269 (legal)",legal,2022,asia_pacific,"This is the body text of document D269 in department legal for region asia_pacific and year 2022."
D270,"Document Title D270 (legal)",legal,2024,latin_america,"This is the body text of document D270 in department legal for region latin_america and year 2024."
D271,"Document Title D271 (marketing)",marketing,2020,north_america,"This is the body text of document D271 in department marketing for region north_america and year 2020."
D272,"Document Title D272 (sales)",sales,2020,north_america,"This is the body text of document D272 in department sales for region north_america and year 2020."
D273,"Document Title D273 (engineering)",engineering,2020,asia_pacific,"This is the body text of document D273 in department engineering for region asia_pacific and year 2020."
D274,"Document Title D274 (hr)",hr,2021,north_america,"This is the body text of document D274 in department hr for region north_america and year 2021."
D275,"Document Title D275 (engineering)",engineering,2025,north_america,"This is the body text of document D275 in department engineering for region north_america and year 2025."
D276,"Document Title D276 (engineering)",engineering,2020,asia_pacific,"This is the body text of document D276 in department engineering for region asia_pacific and year 2020."
D277,"Document Title D277 (engineering)",engineering,2026,asia_pacific,"This is the body text of document D277 in department engineering for region asia_pacific and year 2026."
D278,"Document Title D278 (marketing)",marketing,2025,latin_america,"This is the body text of document D278 in department marketing for region latin_america and year 2025."
D279,"Document Title D279 (finance)",finance,2026,north_america,"This is the body text of document D279 in department finance for region north_america and year 2026."
D280,"Document Title D280 (finance)",finance,2024,asia_pacific,"This is the body text of document D280 in department finance for region asia_pacific and year 2024."
D281,"Document Title D281 (sales)",sales,2026,north_america,"This is the body text of document D281 in department sales for region north_america and year 2026."
D282,"Document Title D282 (hr)",hr,2021,asia_pacific,"This is the body text of document D282 in department hr for region asia_pacific and year 2021."
D283,"Document Title D283 (engineering)",engineering,2022,europe,"This is the body text of document D283 in department engineering for region europe and year 2022."
D284,"Document Title D284 (sales)",sales,2024,europe,"This is the body text of document D284 in department sales for region europe and year 2024."
D285,"Document Title D285 (marketing)",marketing,2024,europe,"This is the body text of document D285 in department marketing for region europe and year 2024."
D286,"Document Title D286 (sales)",sales,2022,latin_america,"This is the body text of document D286 in department sales for region latin_america and year 2022."
D287,"Document Title D287 (sales)",sales,2021,europe,"This is the body text of document D287 in department sales for region europe and year 2021."
D288,"Document Title D288 (sales)",sales,2023,north_america,"This is the body text of document D288 in department sales for region north_america and year 2023."
D289,"Document Title D289 (hr)",hr,2025,north_america,"This is the body text of document D289 in department hr for region north_america and year 2025."
D290,"Document Title D290 (finance)",finance,2021,europe,"This is the body text of document D290 in department finance for region europe and year 2021."
D291,"Document Title D291 (hr)",hr,2023,north_america,"This is the body text of document D291 in department hr for region north_america and year 2023."
D292,"Document Title D292 (engineering)",engineering,2021,asia_pacific,"This is the body text of document D292 in department engineering for region asia_pacific and year 2021."
D293,"Document Title D293 (marketing)",marketing,2023,asia_pacific,"This is the body text of document D293 in department marketing for region asia_pacific and year 2023."
D294,"Document Title D294 (legal)",legal,2026,north_america,"This is the body text of document D294 in department legal for region north_america and year 2026."
D295,"Document Title D295 (engineering)",engineering,2021,europe,"This is the body text of document D295 in department engineering for region europe and year 2021."
D296,"Document Title D296 (sales)",sales,2024,latin_america,"This is the body text of document D296 in department sales for region latin_america and year 2024."
D297,"Document Title D297 (engineering)",engineering,2025,asia_pacific,"This is the body text of document D297 in department engineering for region asia_pacific and year 2025."
D298,"Document Title D298 (sales)",sales,2020,asia_pacific,"This is the body text of document D298 in department sales for region asia_pacific and year 2020."
D299,"Document Title D299 (legal)",legal,2025,latin_america,"This is the body text of document D299 in department legal for region latin_america and year 2025."
D300,"Document Title D300 (marketing)",marketing,2024,north_america,"This is the body text of document D300 in department marketing for region north_america and year 2024."
D301,"Document Title D301 (sales)",sales,2021,asia_pacific,"This is the body text of document D301 in department sales for region asia_pacific and year 2021."
D302,"Document Title D302 (hr)",hr,2025,latin_america,"This is the body text of document D302 in department hr for region latin_america and year 2025."
D303,"Document Title D303 (hr)",hr,2025,europe,"This is the body text of document D303 in department hr for region europe and year 2025."
D304,"Document Title D304 (finance)",finance,2020,europe,"This is the body text of document D304 in department finance for region europe and year 2020."
D305,"Document Title D305 (sales)",sales,2022,asia_pacific,"This is the body text of document D305 in department sales for region asia_pacific and year 2022."
D306,"Document Title D306 (sales)",sales,2021,europe,"This is the body text of document D306 in department sales for region europe and year 2021."
D307,"Document Title D307 (engineering)",engineering,2024,asia_pacific,"This is the body text of document D307 in department engineering for region asia_pacific and year 2024."
D308,"Document Title D308 (legal)",legal,2022,asia_pacific,"This is the body text of document D308 in department legal for region asia_pacific and year 2022."
D309,"Document Title D309 (sales)",sales,2021,north_america,"This is the body text of document D309 in department sales for region north_america and year 2021."
D310,"Document Title D310 (legal)",legal,2020,europe,"This is the body text of document D310 in department legal for region europe and year 2020."
D311,"Document Title D311 (finance)",finance,2023,asia_pacific,"This is the body text of document D311 in department finance for region asia_pacific and year 2023."
D312,"Document Title D312 (sales)",sales,2026,latin_america,"This is the body text of document D312 in department sales for region latin_america and year 2026."
D313,"Document Title D313 (legal)",legal,2021,latin_america,"This is the body text of document D313 in department legal for region latin_america and year 2021."
D314,"Document Title D314 (marketing)",marketing,2026,asia_pacific,"This is the body text of document D314 in department marketing for region asia_pacific and year 2026."
D315,"Document Title D315 (hr)",hr,2022,latin_america,"This is the body text of document D315 in department hr for region latin_america and year 2022."
D316,"Document Title D316 (legal)",legal,2022,europe,"This is the body text of document D316 in department legal for region europe and year 2022."
D317,"Document Title D317 (marketing)",marketing,2024,latin_america,"This is the body text of document D317 in department marketing for region latin_america and year 2024."
D318,"Document Title D318 (sales)",sales,2026,latin_america,"This is the body text of document D318 in department sales for region latin_america and year 2026."
D319,"Document Title D319 (finance)",finance,2025,latin_america,"This is the body text of document D319 in department finance for region latin_america and year 2025."
D320,"Document Title D320 (finance)",finance,2023,latin_america,"This is the body text of document D320 in department finance for region latin_america and year 2023."
D321,"Document Title D321 (marketing)",marketing,2022,north_america,"This is the body text of document D321 in department marketing for region north_america and year 2022."
D322,"Document Title D322 (finance)",finance,2026,asia_pacific,"This is the body text of document D322 in department finance for region asia_pacific and year 2026."
D323,"Document Title D323 (hr)",hr,2025,europe,"This is the body text of document D323 in department hr for region europe and year 2025."
D324,"Document Title D324 (finance)",finance,2020,latin_america,"This is the body text of document D324 in department finance for region latin_america and year 2020."
D325,"Document Title D325 (legal)",legal,2021,latin_america,"This is the body text of document D325 in department legal for region latin_america and year 2021."
D326,"Document Title D326 (engineering)",engineering,2026,europe,"This is the body text of document D326 in department engineering for region europe and year 2026."
D327,"Document Title D327 (sales)",sales,2024,north_america,"This is the body text of document D327 in department sales for region north_america and year 2024."
D328,"Document Title D328 (hr)",hr,2022,europe,"This is the body text of document D328 in department hr for region europe and year 2022."
D329,"Document Title D329 (engineering)",engineering,2026,asia_pacific,"This is the body text of document D329 in department engineering for region asia_pacific and year 2026."
D330,"Document Title D330 (sales)",sales,2024,europe,"This is the body text of document D330 in department sales for region europe and year 2024."
D331,"Document Title D331 (legal)",legal,2022,north_america,"This is the body text of document D331 in department legal for region north_america and year 2022."
D332,"Document Title D332 (sales)",sales,2022,europe,"This is the body text of document D332 in department sales for region europe and year 2022."
D333,"Document Title D333 (sales)",sales,2025,north_america,"This is the body text of document D333 in department sales for region north_america and year 2025."
D334,"Document Title D334 (finance)",finance,2020,latin_america,"This is the body text of document D334 in department finance for region latin_america and year 2020."
D335,"Document Title D335 (marketing)",marketing,2022,north_america,"This is the body text of document D335 in department marketing for region north_america and year 2022."
D336,"Document Title D336 (engineering)",engineering,2024,north_america,"This is the body text of document D336 in department engineering for region north_america and year 2024."
D337,"Document Title D337 (hr)",hr,2023,asia_pacific,"This is the body text of document D337 in department hr for region asia_pacific and year 2023."
D338,"Document Title D338 (sales)",sales,2024,north_america,"This is the body text of document D338 in department sales for region north_america and year 2024."
D339,"Document Title D339 (engineering)",engineering,2021,asia_pacific,"This is the body text of document D339 in department engineering for region asia_pacific and year 2021."
D340,"Document Title D340 (marketing)",marketing,2026,asia_pacific,"This is the body text of document D340 in department marketing for region asia_pacific and year 2026."
D341,"Document Title D341 (legal)",legal,2022,europe,"This is the body text of document D341 in department legal for region europe and year 2022."
D342,"Document Title D342 (marketing)",marketing,2024,latin_america,"This is the body text of document D342 in department marketing for region latin_america and year 2024."
D343,"Document Title D343 (hr)",hr,2024,north_america,"This is the body text of document D343 in department hr for region north_america and year 2024."
D344,"Document Title D344 (engineering)",engineering,2022,asia_pacific,"This is the body text of document D344 in department engineering for region asia_pacific and year 2022."
D345,"Document Title D345 (engineering)",engineering,2024,north_america,"This is the body text of document D345 in department engineering for region north_america and year 2024."
D346,"Document Title D346 (hr)",hr,2026,latin_america,"This is the body text of document D346 in department hr for region latin_america and year 2026."
D347,"Document Title D347 (sales)",sales,2022,asia_pacific,"This is the body text of document D347 in department sales for region asia_pacific and year 2022."
D348,"Document Title D348 (legal)",legal,2022,europe,"This is the body text of document D348 in department legal for region europe and year 2022."
D349,"Document Title D349 (hr)",hr,2025,asia_pacific,"This is the body text of document D349 in department hr for region asia_pacific and year 2025."
D350,"Document Title D350 (legal)",legal,2025,asia_pacific,"This is the body text of document D350 in department legal for region asia_pacific and year 2025."
D351,"Document Title D351 (engineering)",engineering,2022,europe,"This is the body text of document D351 in department engineering for region europe and year 2022."
D352,"Document Title D352 (marketing)",marketing,2022,asia_pacific,"This is the body text of document D352 in department marketing for region asia_pacific and year 2022."
D353,"Document Title D353 (hr)",hr,2024,asia_pacific,"This is the body text of document D353 in department hr for region asia_pacific and year 2024."
D354,"Document Title D354 (engineering)",engineering,2025,asia_pacific,"This is the body text of document D354 in department engineering for region asia_pacific and year 2025."
D355,"Document Title D355 (marketing)",marketing,2025,europe,"This is the body text of document D355 in department marketing for region europe and year 2025."
D356,"Document Title D356 (finance)",finance,2024,latin_america,"This is the body text of document D356 in department finance for region latin_america and year 2024."
D357,"Document Title D357 (hr)",hr,2026,latin_america,"This is the body text of document D357 in department hr for region latin_america and year 2026."
D358,"Document Title D358 (finance)",finance,2020,latin_america,"This is the body text of document D358 in department finance for region latin_america and year 2020."
D359,"Document Title D359 (marketing)",marketing,2024,europe,"This is the body text of document D359 in department marketing for region europe and year 2024."
D360,"Document Title D360 (sales)",sales,2020,europe,"This is the body text of document D360 in department sales for region europe and year 2020."
D361,"Document Title D361 (hr)",hr,2020,north_america,"This is the body text of document D361 in department hr for region north_america and year 2020."
D362,"Document Title D362 (engineering)",engineering,2026,north_america,"This is the body text of document D362 in department engineering for region north_america and year 2026."
D363,"Document Title D363 (marketing)",marketing,2026,north_america,"This is the body text of document D363 in department marketing for region north_america and year 2026."
D364,"Document Title D364 (hr)",hr,2024,north_america,"This is the body text of document D364 in department hr for region north_america and year 2024."
D365,"Document Title D365 (hr)",hr,2021,north_america,"This is the body text of document D365 in department hr for region north_america and year 2021."
D366,"Document Title D366 (engineering)",engineering,2023,latin_america,"This is the body text of document D366 in department engineering for region latin_america and year 2023."
D367,"Document Title D367 (legal)",legal,2024,asia_pacific,"This is the body text of document D367 in department legal for region asia_pacific and year 2024."
D368,"Document Title D368 (finance)",finance,2026,europe,"This is the body text of document D368 in department finance for region europe and year 2026."
D369,"Document Title D369 (sales)",sales,2025,europe,"This is the body text of document D369 in department sales for region europe and year 2025."
D370,"Document Title D370 (hr)",hr,2025,asia_pacific,"This is the body text of document D370 in department hr for region asia_pacific and year 2025."
D371,"Document Title D371 (marketing)",marketing,2025,north_america,"This is the body text of document D371 in department marketing for region north_america and year 2025."
D372,"Document Title D372 (engineering)",engineering,2020,north_america,"This is the body text of document D372 in department engineering for region north_america and year 2020."
D373,"Document Title D373 (finance)",finance,2022,north_america,"This is the body text of document D373 in department finance for region north_america and year 2022."
D374,"Document Title D374 (sales)",sales,2022,asia_pacific,"This is the body text of document D374 in department sales for region asia_pacific and year 2022."
D375,"Document Title D375 (legal)",legal,2021,europe,"This is the body text of document D375 in department legal for region europe and year 2021."
D376,"Document Title D376 (legal)",legal,2026,europe,"This is the body text of document D376 in department legal for region europe and year 2026."
D377,"Document Title D377 (engineering)",engineering,2025,asia_pacific,"This is the body text of document D377 in department engineering for region asia_pacific and year 2025."
D378,"Document Title D378 (hr)",hr,2025,north_america,"This is the body text of document D378 in department hr for region north_america and year 2025."
D379,"Document Title D379 (legal)",legal,2021,asia_pacific,"This is the body text of document D379 in department legal for region asia_pacific and year 2021."
D380,"Document Title D380 (sales)",sales,2020,asia_pacific,"This is the body text of document D380 in department sales for region asia_pacific and year 2020."
D381,"Document Title D381 (legal)",legal,2020,north_america,"This is the body text of document D381 in department legal for region north_america and year 2020."
D382,"Document Title D382 (sales)",sales,2025,europe,"This is the body text of document D382 in department sales for region europe and year 2025."
D383,"Document Title D383 (sales)",sales,2023,asia_pacific,"This is the body text of document D383 in department sales for region asia_pacific and year 2023."
D384,"Document Title D384 (engineering)",engineering,2022,north_america,"This is the body text of document D384 in department engineering for region north_america and year 2022."
D385,"Document Title D385 (engineering)",engineering,2025,latin_america,"This is the body text of document D385 in department engineering for region latin_america and year 2025."
D386,"Document Title D386 (sales)",sales,2026,europe,"This is the body text of document D386 in department sales for region europe and year 2026."
D387,"Document Title D387 (hr)",hr,2022,europe,"This is the body text of document D387 in department hr for region europe and year 2022."
D388,"Document Title D388 (legal)",legal,2025,north_america,"This is the body text of document D388 in department legal for region north_america and year 2025."
D389,"Document Title D389 (engineering)",engineering,2020,asia_pacific,"This is the body text of document D389 in department engineering for region asia_pacific and year 2020."
D390,"Document Title D390 (engineering)",engineering,2023,latin_america,"This is the body text of document D390 in department engineering for region latin_america and year 2023."
D391,"Document Title D391 (hr)",hr,2021,asia_pacific,"This is the body text of document D391 in department hr for region asia_pacific and year 2021."
D392,"Document Title D392 (finance)",finance,2023,asia_pacific,"This is the body text of document D392 in department finance for region asia_pacific and year 2023."
D393,"Document Title D393 (legal)",legal,2021,europe,"This is the body text of document D393 in department legal for region europe and year 2021."
D394,"Document Title D394 (sales)",sales,2020,latin_america,"This is the body text of document D394 in department sales for region latin_america and year 2020."
D395,"Document Title D395 (hr)",hr,2020,asia_pacific,"This is the body text of document D395 in department hr for region asia_pacific and year 2020."
D396,"Document Title D396 (marketing)",marketing,2022,europe,"This is the body text of document D396 in department marketing for region europe and year 2022."
D397,"Document Title D397 (hr)",hr,2024,asia_pacific,"This is the body text of document D397 in department hr for region asia_pacific and year 2024."
D398,"Document Title D398 (sales)",sales,2021,europe,"This is the body text of document D398 in department sales for region europe and year 2021."
D399,"Document Title D399 (sales)",sales,2021,asia_pacific,"This is the body text of document D399 in department sales for region asia_pacific and year 2021."
D400,"Document Title D400 (legal)",legal,2024,europe,"This is the body text of document D400 in department legal for region europe and year 2024."
D401,"Document Title D401 (hr)",hr,2026,north_america,"This is the body text of document D401 in department hr for region north_america and year 2026."
D402,"Document Title D402 (sales)",sales,2020,latin_america,"This is the body text of document D402 in department sales for region latin_america and year 2020."
D403,"Document Title D403 (sales)",sales,2023,asia_pacific,"This is the body text of document D403 in department sales for region asia_pacific and year 2023."
D404,"Document Title D404 (sales)",sales,2022,asia_pacific,"This is the body text of document D404 in department sales for region asia_pacific and year 2022."
D405,"Document Title D405 (legal)",legal,2021,europe,"This is the body text of document D405 in department legal for region europe and year 2021."
D406,"Document Title D406 (finance)",finance,2025,asia_pacific,"This is the body text of document D406 in department finance for region asia_pacific and year 2025."
D407,"Document Title D407 (marketing)",marketing,2021,north_america,"This is the body text of document D407 in department marketing for region north_america and year 2021."
D408,"Document Title D408 (engineering)",engineering,2026,north_america,"This is the body text of document D408 in department engineering for region north_america and year 2026."
D409,"Document Title D409 (engineering)",engineering,2025,asia_pacific,"This is the body text of document D409 in department engineering for region asia_pacific and year 2025."
D410,"Document Title D410 (hr)",hr,2023,asia_pacific,"This is the body text of document D410 in department hr for region asia_pacific and year 2023."
D411,"Document Title D411 (finance)",finance,2020,asia_pacific,"This is the body text of document D411 in department finance for region asia_pacific and year 2020."
D412,"Document Title D412 (finance)",finance,2024,europe,"This is the body text of document D412 in department finance for region europe and year 2024."
D413,"Document Title D413 (sales)",sales,2022,north_america,"This is the body text of document D413 in department sales for region north_america and year 2022."
D414,"Document Title D414 (sales)",sales,2021,europe,"This is the body text of document D414 in department sales for region europe and year 2021."
D415,"Document Title D415 (marketing)",marketing,2021,latin_america,"This is the body text of document D415 in department marketing for region latin_america and year 2021."
D416,"Document Title D416 (engineering)",engineering,2023,latin_america,"This is the body text of document D416 in department engineering for region latin_america and year 2023."
D417,"Document Title D417 (finance)",finance,2024,europe,"This is the body text of document D417 in department finance for region europe and year 2024."
D418,"Document Title D418 (hr)",hr,2023,latin_america,"This is the body text of document D418 in department hr for region latin_america and year 2023."
D419,"Document Title D419 (marketing)",marketing,2020,asia_pacific,"This is the body text of document D419 in department marketing for region asia_pacific and year 2020."
D420,"Document Title D420 (finance)",finance,2023,europe,"This is the body text of document D420 in department finance for region europe and year 2023."
D421,"Document Title D421 (finance)",finance,2022,asia_pacific,"This is the body text of document D421 in department finance for region asia_pacific and year 2022."
D422,"Document Title D422 (hr)",hr,2021,asia_pacific,"This is the body text of document D422 in department hr for region asia_pacific and year 2021."
D423,"Document Title D423 (legal)",legal,2021,north_america,"This is the body text of document D423 in department legal for region north_america and year 2021."
D424,"Document Title D424 (sales)",sales,2021,europe,"This is the body text of document D424 in department sales for region europe and year 2021."
D425,"Document Title D425 (engineering)",engineering,2021,latin_america,"This is the body text of document D425 in department engineering for region latin_america and year 2021."
D426,"Document Title D426 (finance)",finance,2025,europe,"This is the body text of document D426 in department finance for region europe and year 2025."
D427,"Document Title D427 (legal)",legal,2023,europe,"This is the body text of document D427 in department legal for region europe and year 2023."
D428,"Document Title D428 (marketing)",marketing,2024,latin_america,"This is the body text of document D428 in department marketing for region latin_america and year 2024."
D429,"Document Title D429 (marketing)",marketing,2021,europe,"This is the body text of document D429 in department marketing for region europe and year 2021."
D430,"Document Title D430 (hr)",hr,2022,asia_pacific,"This is the body text of document D430 in department hr for region asia_pacific and year 2022."
D431,"Document Title D431 (legal)",legal,2026,europe,"This is the body text of document D431 in department legal for region europe and year 2026."
D432,"Document Title D432 (legal)",legal,2023,latin_america,"This is the body text of document D432 in department legal for region latin_america and year 2023."
D433,"Document Title D433 (sales)",sales,2021,latin_america,"This is the body text of document D433 in department sales for region latin_america and year 2021."
D434,"Document Title D434 (sales)",sales,2021,asia_pacific,"This is the body text of document D434 in department sales for region asia_pacific and year 2021."
D435,"Document Title D435 (engineering)",engineering,2025,europe,"This is the body text of document D435 in department engineering for region europe and year 2025."
D436,"Document Title D436 (legal)",legal,2021,north_america,"This is the body text of document D436 in department legal for region north_america and year 2021."
D437,"Document Title D437 (sales)",sales,2022,north_america,"This is the body text of document D437 in department sales for region north_america and year 2022."
D438,"Document Title D438 (marketing)",marketing,2021,latin_america,"This is the body text of document D438 in department marketing for region latin_america and year 2021."
D439,"Document Title D439 (legal)",legal,2023,latin_america,"This is the body text of document D439 in department legal for region latin_america and year 2023."
D440,"Document Title D440 (marketing)",marketing,2022,asia_pacific,"This is the body text of document D440 in department marketing for region asia_pacific and year 2022."
D441,"Document Title D441 (finance)",finance,2022,asia_pacific,"This is the body text of document D441 in department finance for region asia_pacific and year 2022."
D442,"Document Title D442 (finance)",finance,2026,europe,"This is the body text of document D442 in department finance for region europe and year 2026."
D443,"Document Title D443 (marketing)",marketing,2026,north_america,"This is the body text of document D443 in department marketing for region north_america and year 2026."
D444,"Document Title D444 (marketing)",marketing,2025,europe,"This is the body text of document D444 in department marketing for region europe and year 2025."
D445,"Document Title D445 (hr)",hr,2025,north_america,"This is the body text of document D445 in department hr for region north_america and year 2025."
D446,"Document Title D446 (engineering)",engineering,2023,latin_america,"This is the body text of document D446 in department engineering for region latin_america and year 2023."
D447,"Document Title D447 (sales)",sales,2024,asia_pacific,"This is the body text of document D447 in department sales for region asia_pacific and year 2024."
D448,"Document Title D448 (engineering)",engineering,2024,europe,"This is the body text of document D448 in department engineering for region europe and year 2024."
D449,"Document Title D449 (sales)",sales,2026,latin_america,"This is the body text of document D449 in department sales for region latin_america and year 2026."
D450,"Document Title D450 (hr)",hr,2025,europe,"This is the body text of document D450 in department hr for region europe and year 2025."
D451,"Document Title D451 (sales)",sales,2022,latin_america,"This is the body text of document D451 in department sales for region latin_america and year 2022."
D452,"Document Title D452 (marketing)",marketing,2023,asia_pacific,"This is the body text of document D452 in department marketing for region asia_pacific and year 2023."
D453,"Document Title D453 (sales)",sales,2022,asia_pacific,"This is the body text of document D453 in department sales for region asia_pacific and year 2022."
D454,"Document Title D454 (legal)",legal,2023,north_america,"This is the body text of document D454 in department legal for region north_america and year 2023."
D455,"Document Title D455 (sales)",sales,2023,north_america,"This is the body text of document D455 in department sales for region north_america and year 2023."
D456,"Document Title D456 (legal)",legal,2026,asia_pacific,"This is the body text of document D456 in department legal for region asia_pacific and year 2026."
D457,"Document Title D457 (finance)",finance,2021,latin_america,"This is the body text of document D457 in department finance for region latin_america and year 2021."
D458,"Document Title D458 (sales)",sales,2022,latin_america,"This is the body text of document D458 in department sales for region latin_america and year 2022."
D459,"Document Title D459 (sales)",sales,2022,north_america,"This is the body text of document D459 in department sales for region north_america and year 2022."
D460,"Document Title D460 (sales)",sales,2023,europe,"This is the body text of document D460 in department sales for region europe and year 2023."
D461,"Document Title D461 (sales)",sales,2021,latin_america,"This is the body text of document D461 in department sales for region latin_america and year 2021."
D462,"Document Title D462 (marketing)",marketing,2024,latin_america,"This is the body text of document D462 in department marketing for region latin_america and year 2024."
D463,"Document Title D463 (hr)",hr,2021,europe,"This is the body text of document D463 in department hr for region europe and year 2021."
D464,"Document Title D464 (engineering)",engineering,2020,latin_america,"This is the body text of document D464 in department engineering for region latin_america and year 2020."
D465,"Document Title D465 (marketing)",marketing,2026,north_america,"This is the body text of document D465 in department marketing for region north_america and year 2026."
D466,"Document Title D466 (marketing)",marketing,2022,asia_pacific,"This is the body text of document D466 in department marketing for region asia_pacific and year 2022."
D467,"Document Title D467 (marketing)",marketing,2025,asia_pacific,"This is the body text of document D467 in department marketing for region asia_pacific and year 2025."
D468,"Document Title D468 (finance)",finance,2026,north_america,"This is the body text of document D468 in department finance for region north_america and year 2026."
D469,"Document Title D469 (marketing)",marketing,2025,latin_america,"This is the body text of document D469 in department marketing for region latin_america and year 2025."
D470,"Document Title D470 (finance)",finance,2022,asia_pacific,"This is the body text of document D470 in department finance for region asia_pacific and year 2022."
D471,"Document Title D471 (hr)",hr,2021,europe,"This is the body text of document D471 in department hr for region europe and year 2021."
D472,"Document Title D472 (engineering)",engineering,2025,latin_america,"This is the body text of document D472 in department engineering for region latin_america and year 2025."
D473,"Document Title D473 (engineering)",engineering,2026,asia_pacific,"This is the body text of document D473 in department engineering for region asia_pacific and year 2026."
D474,"Document Title D474 (sales)",sales,2023,europe,"This is the body text of document D474 in department sales for region europe and year 2023."
D475,"Document Title D475 (finance)",finance,2025,europe,"This is the body text of document D475 in department finance for region europe and year 2025."
D476,"Document Title D476 (engineering)",engineering,2023,europe,"This is the body text of document D476 in department engineering for region europe and year 2023."
D477,"Document Title D477 (sales)",sales,2021,asia_pacific,"This is the body text of document D477 in department sales for region asia_pacific and year 2021."
D478,"Document Title D478 (sales)",sales,2023,asia_pacific,"This is the body text of document D478 in department sales for region asia_pacific and year 2023."
D479,"Document Title D479 (sales)",sales,2023,latin_america,"This is the body text of document D479 in department sales for region latin_america and year 2023."
D480,"Document Title D480 (finance)",finance,2023,latin_america,"This is the body text of document D480 in department finance for region latin_america and year 2023."
D481,"Document Title D481 (marketing)",marketing,2023,asia_pacific,"This is the body text of document D481 in department marketing for region asia_pacific and year 2023."
D482,"Document Title D482 (marketing)",marketing,2020,north_america,"This is the body text of document D482 in department marketing for region north_america and year 2020."
D483,"Document Title D483 (legal)",legal,2024,europe,"This is the body text of document D483 in department legal for region europe and year 2024."
D484,"Document Title D484 (sales)",sales,2023,asia_pacific,"This is the body text of document D484 in department sales for region asia_pacific and year 2023."
D485,"Document Title D485 (engineering)",engineering,2021,asia_pacific,"This is the body text of document D485 in department engineering for region asia_pacific and year 2021."
D486,"Document Title D486 (hr)",hr,2021,latin_america,"This is the body text of document D486 in department hr for region latin_america and year 2021."
D487,"Document Title D487 (legal)",legal,2024,asia_pacific,"This is the body text of document D487 in department legal for region asia_pacific and year 2024."
D488,"Document Title D488 (legal)",legal,2022,north_america,"This is the body text of document D488 in department legal for region north_america and year 2022."
D489,"Document Title D489 (hr)",hr,2025,europe,"This is the body text of document D489 in department hr for region europe and year 2025."
D490,"Document Title D490 (hr)",hr,2021,latin_america,"This is the body text of document D490 in department hr for region latin_america and year 2021."
D491,"Document Title D491 (marketing)",marketing,2024,asia_pacific,"This is the body text of document D491 in department marketing for region asia_pacific and year 2024."
D492,"Document Title D492 (sales)",sales,2026,latin_america,"This is the body text of document D492 in department sales for region latin_america and year 2026."
D493,"Document Title D493 (sales)",sales,2020,asia_pacific,"This is the body text of document D493 in department sales for region asia_pacific and year 2020."
D494,"Document Title D494 (sales)",sales,2024,north_america,"This is the body text of document D494 in department sales for region north_america and year 2024."
D495,"Document Title D495 (legal)",legal,2026,latin_america,"This is the body text of document D495 in department legal for region latin_america and year 2026."
D496,"Document Title D496 (engineering)",engineering,2026,europe,"This is the body text of document D496 in department engineering for region europe and year 2026."
D497,"Document Title D497 (engineering)",engineering,2024,north_america,"This is the body text of document D497 in department engineering for region north_america and year 2024."
D498,"Document Title D498 (hr)",hr,2024,latin_america,"This is the body text of document D498 in department hr for region latin_america and year 2024."
D499,"Document Title D499 (engineering)",engineering,2026,latin_america,"This is the body text of document D499 in department engineering for region latin_america and year 2026."
D500,"Document Title D500 (finance)",finance,2022,europe,"This is the body text of document D500 in department finance for region europe and year 2022."